{"cameraMode":{"drawMode":0,"name":"Shaded","section":"Shading Mode"},"sceneLighting":true,"audioPlay":false,"sceneViewState":{"showFog":true,"showMaterialUpdate":false,"showSkybox":true,"showFlares":true,"showImageEffects":true,"showParticleSystems":true},"in2DMode":false,"pivot":{"x":1152.77099609375,"y":511.3447265625,"z":137.69894409179688},"rotation":{"x":0.0464823879301548,"y":0.006289389915764332,"z":-0.00029238819843158126,"w":0.998900294303894},"size":1386.2552490234375,"orthographic":true}