{"cameraMode":{"drawMode":0,"name":"Shaded","section":"Shading Mode"},"sceneLighting":true,"audioPlay":false,"sceneViewState":{"showFog":true,"showMaterialUpdate":false,"showSkybox":true,"showFlares":true,"showImageEffects":true,"showParticleSystems":true},"in2DMode":false,"pivot":{"x":1132.40869140625,"y":448.5927734375,"z":135.30105590820313},"rotation":{"x":0.0464823879301548,"y":0.006289389915764332,"z":-0.00029238819843158126,"w":0.998900294303894},"size":1052.063232421875,"orthographic":true}